(174, 87)
(173, 87)
(172, 87)
(171, 87)
(170, 87)
(169, 87)
(168, 87)
(167, 87)
(166, 87)
(165, 87)
(164, 87)
(163, 87)
(162, 87)
(161, 87)
(160, 87)
(159, 87)
(158, 87)
(157, 87)
(156, 87)
(155, 87)
(154, 87)
(153, 87)
(158, 88)
(157, 88)
(152, 87)
(156, 88)
(174, 88)
(155, 88)
(170, 88)
(151, 87)
(173, 88)
(169, 88)
(154, 88)
(171, 88)
(150, 87)
(168, 88)
(172, 88)
(167, 88)
(174, 86)
(166, 88)
(165, 88)
(164, 88)
(173, 86)
(153, 88)
(163, 88)
(149, 87)
(172, 86)
(162, 88)
(170, 86)
(161, 88)
(169, 86)
(160, 88)
(168, 86)
(171, 86)
(159, 88)
(148, 87)
(167, 86)
(152, 88)
(166, 86)
(147, 87)
(165, 86)
(146, 87)
(151, 88)
(145, 87)
(144, 87)
(143, 87)
(164, 86)
(163, 86)
(142, 87)
(162, 86)
(141, 87)
(150, 88)
(140, 87)
(161, 86)
(139, 87)
(138, 87)
(160, 86)
(137, 87)
(159, 86)
(136, 87)
(158, 86)
(157, 86)
(149, 88)
(135, 87)
(156, 86)
(164, 89)
(163, 89)
(155, 86)
(148, 88)
(162, 89)
(147, 88)
(158, 89)
(146, 88)
(161, 89)
(145, 88)
(160, 89)
(157, 89)
(134, 87)
(159, 89)
(154, 86)
(144, 88)
(143, 88)
(156, 89)
(153, 86)
(133, 87)
(142, 88)
(155, 89)
(141, 88)
(140, 88)
(136, 88)
(135, 88)
(139, 88)
(132, 87)
(138, 88)
(134, 88)
(152, 86)
(170, 89)
(175, 87)
(154, 89)
(137, 88)
(169, 89)
(133, 88)
(168, 89)
(151, 86)
(153, 89)
(167, 89)
(166, 89)
(131, 87)
(171, 89)
(174, 89)
(165, 89)
(173, 89)
(150, 86)
(172, 89)
(132, 88)
(160, 90)
(130, 87)
(159, 90)
(152, 89)
(129, 87)
(149, 86)
(128, 87)
(151, 89)
(131, 88)
(158, 90)
(174, 85)
(148, 86)
(127, 87)
(173, 85)
(150, 89)
(172, 85)
(130, 88)
(169, 85)
(129, 88)
(168, 85)
(147, 86)
(126, 87)
(128, 88)
(167, 85)
(170, 85)
(157, 90)
(149, 89)
(148, 89)
(147, 89)
(146, 89)
(166, 85)
(171, 85)
(146, 86)
(156, 90)
(145, 89)
(125, 87)
(145, 86)
(165, 85)
(127, 88)
(144, 86)
(155, 90)
(143, 86)
(124, 87)
(142, 86)
(144, 89)
(141, 86)
(164, 85)
(140, 86)
(143, 89)
(139, 86)
(163, 85)
(142, 89)
(154, 90)
(138, 86)
(123, 87)
(162, 85)
(126, 88)
(137, 86)
(161, 85)
(136, 86)
(141, 89)
(160, 85)
(153, 90)
(122, 87)
(140, 89)
(164, 90)
(159, 85)
(139, 89)
(163, 90)
(125, 88)
(138, 89)
(136, 89)
(162, 90)
(121, 87)
(158, 85)
(135, 89)
(135, 86)
(161, 90)
(157, 85)
(120, 87)
(137, 89)
(134, 89)
(124, 88)
(156, 85)
(133, 89)
(152, 90)
(119, 87)
(155, 85)
(123, 88)
(134, 86)
(170, 90)
(175, 88)
(169, 90)
(132, 89)
(151, 90)
(154, 85)
(168, 90)
(122, 88)
(167, 90)
(166, 90)
(150, 90)
(121, 88)
(165, 90)
(149, 90)
(120, 88)
(148, 90)
(147, 90)
(118, 87)
(171, 90)
(146, 90)
(131, 89)
(153, 85)
(117, 87)
(145, 90)
(130, 89)
(133, 86)
(116, 87)
(129, 89)
(175, 86)
(159, 91)
(152, 85)
(160, 91)
(119, 88)
(174, 90)
(132, 86)
(128, 89)
(144, 90)
(173, 90)
(172, 90)
(151, 85)
(131, 86)
(158, 91)
(143, 90)
(115, 87)
(118, 88)
(127, 89)
(117, 88)
(130, 86)
(142, 90)
(120, 89)
(150, 85)
(116, 88)
(141, 90)
(157, 91)
(149, 85)
(140, 90)
(126, 89)
(139, 90)
(156, 91)
(148, 85)
(138, 90)
(129, 86)
(114, 87)
(119, 89)
(137, 90)
(155, 91)
(118, 89)
(147, 85)
(117, 89)
(136, 90)
(128, 86)
(174, 84)
(173, 84)
(125, 89)
(146, 85)
(115, 88)
(172, 84)
(135, 90)
(127, 86)
(154, 91)
(134, 90)
(168, 84)
(113, 87)
(169, 84)
(167, 84)
(145, 85)
(133, 90)
(116, 89)
(124, 89)
(166, 84)
(132, 90)
(170, 84)
(171, 84)
(153, 91)
(126, 86)
(144, 85)
(165, 84)
(143, 85)
(131, 90)
(142, 85)
(123, 89)
(141, 85)
(130, 90)
(114, 88)
(129, 90)
(140, 85)
(125, 86)
(122, 89)
(139, 85)
(164, 84)
(152, 91)
(121, 89)
(138, 85)
(112, 87)
(124, 86)
(151, 91)
(115, 89)
(137, 85)
(150, 91)
(149, 91)
(163, 84)
(148, 91)
(128, 90)
(147, 91)
(162, 84)
(113, 88)
(136, 85)
(161, 91)
(161, 84)
(162, 91)
(146, 91)
(164, 91)
(123, 86)
(163, 91)
(169, 91)
(160, 84)
(170, 91)
(114, 89)
(127, 90)
(145, 91)
(159, 84)
(168, 91)
(167, 91)
(111, 87)
(166, 91)
(158, 84)
(122, 86)
(157, 84)
(135, 85)
(175, 89)
(144, 91)
(112, 88)
(165, 91)
(126, 90)
(156, 84)
(159, 92)
(171, 91)
(160, 92)
(121, 86)
(113, 89)
(143, 91)
(155, 84)
(176, 87)
(120, 86)
(119, 86)
(111, 88)
(134, 85)
(125, 90)
(154, 84)
(142, 91)
(158, 92)
(110, 87)
(120, 90)
(174, 91)
(141, 91)
(153, 84)
(172, 91)
(112, 89)
(133, 85)
(173, 91)
(140, 91)
(119, 90)
(175, 85)
(157, 92)
(124, 90)
(118, 90)
(118, 86)
(139, 91)
(152, 84)
(117, 90)
(138, 91)
(156, 92)
(132, 85)
(109, 87)
(137, 91)
(123, 90)
(117, 86)
(136, 91)
(122, 90)
(116, 86)
(111, 89)
(110, 88)
(151, 84)
(155, 92)
(116, 90)
(121, 90)
(131, 85)
(135, 91)
(130, 85)
(150, 84)
(154, 92)
(134, 91)
(115, 86)
(133, 91)
(132, 91)
(149, 84)
(131, 91)
(153, 92)
(108, 87)
(130, 91)
(129, 91)
(129, 85)
(115, 90)
(152, 92)
(148, 84)
(151, 92)
(147, 84)
(128, 91)
(150, 92)
(114, 86)
(110, 89)
(146, 84)
(149, 92)
(128, 85)
(109, 88)
(148, 92)
(147, 92)
(174, 83)
(145, 84)
(173, 83)
(127, 91)
(127, 85)
(146, 92)
(144, 84)
(114, 90)
(107, 87)
(172, 83)
(143, 84)
(167, 83)
(166, 83)
(142, 84)
(168, 83)
(133, 92)
(169, 83)
(132, 92)
(141, 84)
(126, 85)
(126, 91)
(145, 92)
(131, 92)
(165, 83)
(140, 84)
(130, 92)
(113, 86)
(171, 83)
(139, 84)
(129, 92)
(161, 92)
(170, 83)
(138, 84)
(144, 92)
(108, 88)
(164, 83)
(128, 92)
(113, 90)
(125, 85)
(137, 84)
(169, 92)
(168, 92)
(170, 92)
(143, 92)
(167, 92)
(162, 92)
(109, 89)
(166, 92)
(163, 83)
(106, 87)
(165, 92)
(127, 92)
(159, 93)
(125, 91)
(164, 92)
(160, 93)
(163, 92)
(142, 92)
(162, 83)
(124, 85)
(136, 84)
(175, 90)
(176, 88)
(161, 83)
(112, 86)
(112, 90)
(160, 83)
(141, 92)
(120, 91)
(126, 92)
(124, 91)
(158, 93)
(159, 83)
(119, 91)
(171, 92)
(107, 88)
(118, 91)
(140, 92)
(158, 83)
(130, 93)
(157, 83)
(123, 91)
(129, 93)
(135, 84)
(122, 91)
(139, 92)
(123, 85)
(156, 83)
(117, 91)
(108, 89)
(111, 90)
(128, 93)
(125, 92)
(157, 93)
(138, 92)
(111, 86)
(137, 92)
(121, 91)
(176, 86)
(105, 87)
(155, 83)
(136, 92)
(127, 93)
(124, 92)
(156, 93)
(135, 92)
(116, 91)
(134, 84)
(106, 88)
(154, 83)
(155, 93)
(123, 92)
(126, 93)
(134, 92)
(122, 85)
(154, 93)
(110, 90)
(174, 92)
(172, 92)
(153, 83)
(125, 93)
(133, 84)
(107, 89)
(122, 92)
(153, 93)
(152, 93)
(124, 93)
(110, 86)
(118, 92)
(173, 92)
(175, 84)
(115, 91)
(121, 85)
(152, 83)
(165, 93)
(151, 93)
(120, 85)
(132, 84)
(164, 93)
(163, 93)
(119, 85)
(162, 93)
(150, 93)
(121, 92)
(149, 93)
(104, 87)
(105, 88)
(161, 93)
(151, 83)
(123, 93)
(148, 93)
(147, 93)
(117, 92)
(131, 84)
(106, 89)
(120, 92)
(119, 92)
(150, 83)
(118, 85)
(114, 91)
(146, 93)
(130, 84)
(109, 90)
(109, 86)
(149, 83)
(116, 92)
(122, 93)
(148, 83)
(145, 93)
(129, 84)
(117, 85)
(116, 85)
(147, 83)
(131, 93)
(103, 87)
(146, 83)
(132, 93)
(121, 93)
(115, 85)
(128, 84)
(113, 91)
(120, 93)
(104, 88)
(144, 93)
(145, 83)
(105, 89)
(119, 93)
(115, 92)
(144, 83)
(108, 86)
(133, 93)
(143, 93)
(143, 83)
(118, 93)
(127, 84)
(174, 82)
(142, 83)
(141, 83)
(163, 94)
(142, 93)
(140, 83)
(108, 90)
(139, 83)
(114, 85)
(159, 94)
(112, 91)
(160, 94)
(173, 82)
(162, 94)
(117, 93)
(114, 92)
(138, 83)
(141, 93)
(166, 82)
(165, 82)
(172, 82)
(161, 94)
(176, 89)
(168, 82)
(167, 82)
(140, 93)
(169, 93)
(126, 84)
(168, 93)
(170, 93)
(104, 89)
(107, 86)
(167, 93)
(169, 82)
(158, 94)
(164, 82)
(171, 82)
(166, 93)
(116, 93)
(103, 88)
(111, 91)
(130, 94)
(139, 93)
(129, 94)
(113, 92)
(137, 83)
(128, 94)
(170, 82)
(138, 93)
(102, 87)
(175, 91)
(127, 94)
(163, 82)
(107, 90)
(137, 93)
(113, 85)
(157, 94)
(136, 93)
(126, 94)
(136, 83)
(115, 93)
(125, 84)
(156, 94)
(135, 93)
(110, 91)
(162, 82)
(134, 93)
(155, 94)
(161, 82)
(125, 94)
(106, 86)
(160, 82)
(177, 87)
(171, 93)
(159, 82)
(158, 82)
(154, 94)
(112, 92)
(153, 94)
(124, 94)
(157, 82)
(152, 94)
(103, 89)
(156, 82)
(135, 83)
(106, 90)
(151, 94)
(112, 85)
(114, 93)
(150, 94)
(124, 84)
(155, 82)
(176, 85)
(123, 94)
(149, 94)
(148, 94)
(129, 95)
(102, 88)
(128, 95)
(101, 87)
(134, 83)
(154, 82)
(147, 94)
(127, 95)
(109, 91)
(111, 92)
(126, 95)
(105, 86)
(122, 94)
(133, 83)
(153, 82)
(146, 94)
(113, 93)
(125, 95)
(105, 90)
(121, 94)
(120, 94)
(172, 93)
(123, 84)
(145, 94)
(111, 85)
(152, 82)
(110, 92)
(164, 94)
(132, 83)
(119, 94)
(165, 94)
(124, 95)
(100, 87)
(175, 83)
(144, 94)
(108, 91)
(151, 82)
(174, 93)
(122, 84)
(173, 93)
(118, 94)
(123, 95)
(131, 83)
(102, 89)
(112, 93)
(143, 94)
(131, 94)
(150, 82)
(104, 86)
(142, 94)
(149, 82)
(121, 84)
(122, 95)
(110, 85)
(128, 96)
(109, 92)
(127, 96)
(104, 90)
(101, 88)
(130, 83)
(120, 84)
(148, 82)
(126, 96)
(132, 94)
(117, 94)
(119, 84)
(121, 95)
(120, 95)
(147, 82)
(141, 94)
(133, 94)
(125, 96)
(129, 83)
(146, 82)
(163, 95)
(148, 95)
(118, 84)
(145, 82)
(140, 94)
(128, 83)
(159, 95)
(147, 95)
(124, 96)
(119, 95)
(160, 95)
(116, 94)
(111, 93)
(144, 82)
(162, 95)
(107, 91)
(143, 82)
(139, 94)
(109, 85)
(142, 82)
(146, 95)
(103, 86)
(141, 82)
(161, 95)
(123, 96)
(108, 92)
(138, 94)
(158, 95)
(118, 95)
(140, 82)
(117, 84)
(127, 83)
(139, 82)
(101, 89)
(137, 94)
(100, 88)
(145, 95)
(122, 96)
(176, 90)
(116, 84)
(121, 96)
(174, 81)
(130, 95)
(120, 96)
(99, 87)
(115, 94)
(144, 95)
(110, 93)
(115, 84)
(136, 94)
(103, 90)
(157, 95)
(135, 94)
(127, 97)
(134, 94)
(126, 97)
(143, 95)
(117, 95)
(156, 95)
(108, 85)
(138, 82)
(125, 97)
(155, 95)
(106, 91)
(170, 94)
(154, 95)
(169, 94)
(168, 94)
(142, 95)
(153, 95)
(173, 81)
(114, 84)
(167, 94)
(119, 96)
(166, 94)
(172, 81)
(124, 97)
(152, 95)
(107, 92)
(141, 95)
(164, 81)
(151, 95)
(177, 88)
(102, 86)
(109, 93)
(114, 94)
(126, 83)
(165, 81)
(123, 97)
(100, 89)
(137, 82)
(150, 95)
(175, 92)
(116, 95)
(163, 81)
(166, 81)
(140, 95)
(167, 81)
(171, 81)
(149, 95)
(168, 81)
(122, 97)
(169, 81)
(139, 95)
(105, 91)
(118, 96)
(121, 97)
(162, 81)
(170, 81)
(102, 90)
(129, 96)
(120, 97)
(171, 94)
(107, 85)
(177, 86)
(136, 82)
(138, 95)
(113, 84)
(161, 81)
(99, 88)
(113, 94)
(137, 95)
(160, 81)
(159, 81)
(136, 95)
(135, 82)
(158, 81)
(115, 95)
(125, 83)
(98, 87)
(157, 81)
(108, 93)
(166, 95)
(165, 95)
(164, 95)
(101, 86)
(156, 81)
(135, 95)
(117, 96)
(119, 97)
(176, 84)
(106, 92)
(134, 95)
(155, 81)
(134, 82)
(104, 91)
(99, 89)
(133, 95)
(106, 85)
(112, 94)
(112, 84)
(132, 95)
(172, 94)
(154, 81)
(131, 95)
(133, 82)
(101, 90)
(124, 83)
(116, 96)
(153, 81)
(118, 97)
(167, 95)
(105, 92)
(98, 89)
(107, 93)
(114, 95)
(128, 97)
(132, 82)
(174, 94)
(173, 94)
(175, 82)
(98, 88)
(152, 81)
(163, 96)
(111, 84)
(97, 89)
(111, 94)
(100, 86)
(105, 85)
(131, 82)
(159, 96)
(160, 96)
(151, 81)
(162, 96)
(96, 89)
(123, 83)
(103, 91)
(150, 81)
(115, 96)
(158, 96)
(100, 90)
(161, 96)
(130, 82)
(148, 96)
(147, 96)
(149, 81)
(117, 97)
(97, 87)
(97, 88)
(113, 95)
(146, 96)
(110, 84)
(110, 94)
(104, 92)
(157, 96)
(122, 83)
(148, 81)
(130, 96)
(129, 82)
(96, 88)
(145, 96)
(147, 81)
(156, 96)
(155, 96)
(154, 96)
(146, 81)
(106, 93)
(104, 85)
(145, 81)
(176, 91)
(121, 83)
(144, 96)
(126, 98)
(144, 81)
(125, 98)
(99, 90)
(96, 87)
(143, 81)
(153, 96)
(120, 83)
(128, 82)
(127, 98)
(119, 83)
(143, 96)
(124, 98)
(102, 91)
(116, 97)
(142, 81)
(152, 96)
(98, 90)
(112, 95)
(118, 83)
(142, 96)
(95, 89)
(114, 96)
(109, 84)
(151, 96)
(97, 90)
(95, 87)
(141, 81)
(123, 98)
(150, 96)
(109, 94)
(141, 96)
(122, 98)
(149, 96)
(121, 98)
(140, 81)
(174, 80)
(105, 93)
(127, 82)
(115, 97)
(139, 81)
(177, 89)
(117, 83)
(170, 95)
(95, 88)
(94, 87)
(169, 95)
(164, 96)
(120, 98)
(140, 96)
(168, 95)
(138, 81)
(103, 92)
(166, 96)
(165, 96)
(99, 86)
(103, 85)
(116, 83)
(101, 91)
(96, 90)
(113, 96)
(93, 87)
(139, 96)
(111, 95)
(129, 97)
(115, 83)
(92, 87)
(173, 80)
(172, 80)
(138, 96)
(108, 84)
(108, 94)
(114, 83)
(171, 95)
(114, 97)
(102, 92)
(137, 96)
(126, 82)
(171, 80)
(137, 81)
(112, 96)
(100, 91)
(119, 98)
(104, 93)
(136, 96)
(94, 88)
(97, 91)
(91, 87)
(163, 80)
(177, 85)
(170, 80)
(178, 87)
(162, 80)
(94, 89)
(135, 96)
(169, 80)
(93, 88)
(101, 92)
(168, 80)
(175, 93)
(167, 80)
(164, 80)
(110, 95)
(134, 96)
(166, 80)
(92, 88)
(161, 80)
(133, 96)
(165, 80)
(99, 91)
(132, 96)
(113, 97)
(136, 81)
(95, 90)
(111, 96)
(131, 96)
(107, 94)
(107, 84)
(100, 92)
(98, 91)
(91, 88)
(103, 93)
(113, 83)
(146, 80)
(90, 87)
(118, 98)
(160, 80)
(145, 80)
(172, 95)
(98, 86)
(99, 92)
(112, 97)
(144, 80)
(159, 80)
(102, 93)
(158, 80)
(135, 81)
(102, 85)
(93, 89)
(125, 82)
(157, 80)
(176, 83)
(98, 92)
(109, 95)
(101, 93)
(143, 80)
(156, 80)
(96, 91)
(110, 96)
(90, 88)
(163, 97)
(128, 98)
(167, 96)
(100, 93)
(142, 80)
(117, 98)
(155, 80)
(160, 97)
(134, 81)
(106, 94)
(162, 97)
(159, 97)
(111, 97)
(112, 83)
(94, 90)
(141, 80)
(99, 93)
(92, 89)
(106, 84)
(97, 92)
(91, 89)
(161, 97)
(140, 80)
(158, 97)
(133, 81)
(173, 95)
(139, 80)
(108, 95)
(154, 80)
(157, 97)
(109, 96)
(89, 88)
(101, 85)
(174, 95)
(138, 80)
(90, 89)
(105, 94)
(110, 97)
(89, 87)
(116, 98)
(148, 97)
(124, 82)
(147, 97)
(156, 97)
(98, 93)
(155, 97)
(175, 81)
(153, 80)
(130, 97)
(132, 81)
(95, 91)
(146, 97)
(152, 80)
(145, 97)
(109, 97)
(111, 83)
(125, 99)
(124, 99)
(154, 97)
(89, 89)
(137, 80)
(115, 98)
(144, 97)
(105, 84)
(151, 80)
(126, 99)
(104, 94)
(123, 99)
(107, 95)
(153, 97)
(131, 81)
(122, 99)
(108, 96)
(143, 97)
(121, 99)
(103, 94)
(152, 97)
(150, 80)
(127, 99)
(96, 92)
(97, 86)
(102, 94)
(123, 82)
(151, 97)
(176, 92)
(142, 97)
(150, 97)
(101, 94)
(149, 97)
(114, 98)
(141, 97)
(97, 93)
(120, 99)
(88, 88)
(149, 80)
(148, 80)
(88, 87)
(177, 90)
(147, 80)
(88, 89)
(130, 81)
(110, 83)
(136, 80)
(166, 97)
(93, 90)
(107, 96)
(106, 95)
(122, 82)
(140, 97)
(164, 97)
(87, 87)
(94, 91)
(100, 85)
(108, 97)
(100, 94)
(139, 97)
(96, 86)
(165, 97)
(121, 82)
(87, 88)
(86, 87)
(113, 98)
(87, 89)
(119, 99)
(105, 95)
(120, 82)
(96, 93)
(95, 86)
(119, 82)
(85, 87)
(104, 84)
(86, 88)
(138, 97)
(129, 81)
(104, 95)
(135, 80)
(103, 95)
(118, 82)
(124, 100)
(102, 95)
(170, 96)
(169, 96)
(123, 100)
(129, 98)
(168, 96)
(95, 92)
(85, 88)
(109, 83)
(122, 100)
(86, 89)
(94, 86)
(106, 96)
(121, 100)
(137, 97)
(84, 87)
(178, 88)
(112, 98)
(174, 79)
(101, 95)
(99, 94)
(136, 97)
(107, 97)
(84, 88)
(93, 86)
(118, 99)
(135, 97)
(171, 96)
(117, 82)
(92, 86)
(120, 100)
(134, 80)
(83, 87)
(133, 97)
(132, 97)
(134, 97)
(85, 89)
(128, 81)
(131, 97)
(178, 86)
(111, 98)
(105, 96)
(83, 88)
(104, 96)
(103, 96)
(102, 96)
(173, 79)
(82, 87)
(116, 82)
(98, 94)
(133, 80)
(149, 98)
(92, 90)
(84, 89)
(119, 100)
(115, 82)
(117, 99)
(172, 79)
(148, 98)
(95, 93)
(82, 88)
(106, 97)
(177, 84)
(147, 98)
(91, 86)
(101, 96)
(108, 83)
(114, 82)
(100, 95)
(94, 92)
(146, 98)
(171, 79)
(91, 90)
(175, 94)
(110, 98)
(81, 87)
(90, 90)
(83, 89)
(170, 79)
(93, 91)
(163, 98)
(105, 97)
(103, 84)
(104, 97)
(169, 79)
(103, 97)
(102, 97)
(127, 81)
(145, 98)
(81, 88)
(116, 99)
(132, 80)
(168, 79)
(118, 100)
(161, 79)
(99, 85)
(172, 96)
(167, 79)
(162, 79)
(80, 87)
(162, 98)
(128, 99)
(144, 98)
(166, 79)
(160, 98)
(97, 94)
(165, 79)
(89, 90)
(113, 82)
(164, 79)
(143, 98)
(159, 98)
(161, 98)
(163, 79)
(160, 79)
(82, 89)
(115, 99)
(79, 87)
(80, 88)
(107, 83)
(90, 86)
(158, 98)
(117, 100)
(142, 98)
(109, 98)
(94, 93)
(99, 95)
(100, 96)
(176, 82)
(146, 79)
(141, 98)
(101, 97)
(157, 98)
(88, 90)
(126, 81)
(145, 79)
(79, 88)
(114, 99)
(156, 98)
(131, 80)
(96, 94)
(155, 98)
(78, 87)
(158, 79)
(144, 79)
(112, 82)
(157, 79)
(93, 92)
(159, 79)
(116, 100)
(140, 98)
(156, 79)
(167, 97)
(125, 100)
(81, 89)
(154, 98)
(130, 98)
(173, 96)
(168, 97)
(143, 79)
(77, 87)
(125, 81)
(153, 98)
(87, 90)
(139, 98)
(113, 99)
(142, 79)
(102, 84)
(106, 83)
(108, 98)
(155, 79)
(126, 100)
(152, 98)
(115, 100)
(174, 96)
(99, 96)
(78, 88)
(151, 98)
(76, 87)
(138, 98)
(141, 79)
(100, 97)
(98, 95)
(93, 93)
(130, 80)
(150, 98)
(80, 89)
(95, 94)
(154, 79)
(127, 100)
(98, 85)
(89, 86)
(140, 79)
(138, 79)
(112, 99)
(114, 100)
(175, 80)
(92, 91)
(153, 79)
(177, 91)
(139, 79)
(75, 87)
(164, 98)
(77, 88)
(111, 82)
(137, 79)
(137, 98)
(166, 98)
(79, 89)
(152, 79)
(92, 92)
(107, 98)
(86, 90)
(111, 99)
(165, 98)
(97, 95)
(124, 81)
(113, 100)
(76, 88)
(151, 79)
(136, 98)
(99, 97)
(129, 80)
(74, 87)
(176, 93)
(91, 91)
(112, 100)
(150, 79)
(105, 83)
(85, 90)
(97, 85)
(101, 84)
(149, 79)
(94, 94)
(98, 96)
(88, 86)
(124, 101)
(123, 101)
(135, 98)
(122, 101)
(90, 91)
(121, 101)
(106, 98)
(110, 82)
(78, 89)
(148, 79)
(75, 88)
(178, 89)
(84, 90)
(123, 81)
(73, 87)
(147, 79)
(120, 101)
(136, 79)
(96, 95)
(129, 99)
(134, 98)
(92, 93)
(105, 98)
(104, 98)
(87, 86)
(96, 85)
(133, 98)
(110, 99)
(103, 98)
(89, 91)
(111, 100)
(77, 89)
(102, 98)
(132, 98)
(83, 90)
(128, 80)
(131, 98)
(74, 88)
(119, 101)
(95, 85)
(72, 87)
(122, 81)
(86, 86)
(98, 97)
(76, 89)
(97, 96)
(94, 85)
(82, 90)
(109, 82)
(178, 85)
(91, 92)
(73, 88)
(95, 95)
(71, 87)
(135, 79)
(85, 86)
(121, 81)
(118, 101)
(109, 99)
(93, 85)
(179, 87)
(170, 97)
(169, 97)
(149, 99)
(92, 85)
(88, 91)
(148, 99)
(171, 97)
(110, 100)
(120, 81)
(70, 87)
(101, 98)
(147, 99)
(127, 80)
(84, 86)
(146, 99)
(93, 94)
(72, 88)
(104, 83)
(163, 99)
(119, 81)
(100, 84)
(96, 96)
(75, 89)
(117, 101)
(91, 85)
(174, 78)
(145, 99)
(134, 79)
(118, 81)
(90, 92)
(69, 87)
(83, 86)
(81, 90)
(109, 100)
(144, 99)
(162, 99)
(160, 99)
(177, 83)
(71, 88)
(128, 100)
(173, 78)
(108, 99)
(87, 91)
(74, 89)
(91, 93)
(126, 80)
(117, 81)
(108, 82)
(97, 97)
(159, 99)
(143, 99)
(161, 99)
(116, 101)
(94, 95)
(175, 95)
(89, 92)
(82, 86)
(141, 99)
(90, 85)
(158, 99)
(172, 78)
(142, 99)
(80, 90)
(95, 96)
(108, 100)
(171, 78)
(73, 89)
(70, 88)
(157, 99)
(125, 80)
(115, 101)
(156, 99)
(116, 81)
(170, 78)
(172, 97)
(100, 98)
(107, 99)
(133, 79)
(81, 86)
(169, 78)
(68, 87)
(140, 99)
(114, 101)
(155, 99)
(168, 78)
(72, 89)
(88, 92)
(167, 78)
(125, 101)
(115, 81)
(96, 97)
(69, 88)
(166, 78)
(154, 99)
(79, 90)
(107, 82)
(103, 83)
(165, 78)
(114, 81)
(139, 99)
(80, 86)
(71, 89)
(164, 78)
(86, 91)
(107, 100)
(99, 84)
(176, 81)
(163, 78)
(153, 99)
(160, 78)
(130, 99)
(93, 95)
(168, 98)
(167, 98)
(162, 78)
(161, 78)
(138, 99)
(92, 94)
(113, 101)
(152, 99)
(126, 101)
(124, 80)
(94, 96)
(68, 88)
(70, 89)
(79, 86)
(113, 81)
(151, 99)
(106, 99)
(95, 97)
(150, 99)
(87, 92)
(90, 93)
(67, 87)
(89, 85)
(78, 90)
(105, 99)
(104, 99)
(127, 101)
(85, 91)
(99, 98)
(103, 99)
(146, 78)
(69, 89)
(67, 88)
(106, 100)
(164, 99)
(95, 84)
(137, 99)
(89, 93)
(177, 92)
(78, 86)
(166, 99)
(84, 91)
(102, 99)
(145, 78)
(112, 101)
(94, 84)
(159, 78)
(68, 89)
(106, 82)
(66, 88)
(165, 99)
(132, 79)
(105, 100)
(158, 78)
(104, 100)
(173, 97)
(136, 99)
(103, 100)
(144, 78)
(66, 87)
(93, 84)
(77, 86)
(77, 90)
(157, 78)
(112, 81)
(67, 89)
(65, 88)
(156, 78)
(123, 80)
(143, 78)
(135, 99)
(88, 93)
(83, 91)
(94, 97)
(155, 78)
(102, 83)
(66, 89)
(93, 96)
(65, 87)
(102, 100)
(134, 99)
(64, 88)
(142, 78)
(133, 99)
(76, 90)
(76, 86)
(132, 99)
(92, 84)
(111, 101)
(154, 78)
(91, 94)
(123, 102)
(122, 102)
(131, 99)
(121, 102)
(124, 102)
(98, 84)
(120, 102)
(141, 78)
(65, 89)
(86, 92)
(82, 91)
(64, 87)
(92, 95)
(175, 79)
(101, 99)
(174, 97)
(63, 88)
(178, 90)
(75, 86)
(91, 84)
(131, 79)
(98, 98)
(88, 85)
(119, 102)
(153, 78)
(140, 78)
(75, 90)
(64, 89)
(139, 78)
(137, 78)
(63, 87)
(122, 80)
(111, 81)
(138, 78)
(90, 84)
(152, 78)
(62, 88)
(110, 101)
(63, 89)
(93, 97)
(74, 86)
(129, 100)
(97, 84)
(74, 90)
(151, 78)
(62, 87)
(118, 102)
(150, 78)
(121, 80)
(85, 92)
(61, 88)
(87, 93)
(89, 84)
(73, 90)
(149, 78)
(81, 91)
(62, 89)
(101, 100)
(96, 84)
(167, 99)
(61, 87)
(120, 80)
(109, 101)
(87, 85)
(148, 78)
(176, 94)
(100, 99)
(72, 90)
(92, 96)
(117, 102)
(60, 88)
(73, 86)
(110, 81)
(136, 78)
(130, 79)
(179, 88)
(147, 78)
(71, 90)
(61, 89)
(84, 92)
(105, 82)
(88, 84)
(119, 80)
(97, 98)
(70, 90)
(60, 87)
(91, 95)
(80, 91)
(90, 94)
(108, 101)
(86, 85)
(118, 80)
(72, 86)
(101, 83)
(89, 94)
(69, 90)
(179, 86)
(116, 102)
(60, 89)
(148, 100)
(100, 100)
(178, 84)
(147, 100)
(59, 88)
(149, 100)
(83, 92)
(146, 100)
(163, 100)
(59, 87)
(145, 100)
(86, 93)
(92, 97)
(117, 80)
(71, 86)
(144, 100)
(115, 102)
(68, 90)
(79, 91)
(107, 101)
(162, 100)
(85, 85)
(135, 78)
(143, 100)
(160, 100)
(109, 81)
(58, 88)
(96, 98)
(59, 89)
(129, 79)
(88, 94)
(58, 87)
(141, 100)
(159, 100)
(114, 102)
(67, 90)
(128, 101)
(142, 100)
(70, 86)
(99, 99)
(82, 92)
(87, 84)
(91, 96)
(78, 91)
(57, 88)
(158, 100)
(66, 90)
(170, 98)
(169, 98)
(116, 80)
(85, 93)
(171, 98)
(106, 101)
(161, 100)
(84, 85)
(69, 86)
(157, 100)
(99, 100)
(156, 100)
(140, 100)
(58, 89)
(90, 95)
(65, 90)
(104, 82)
(91, 97)
(77, 91)
(84, 93)
(155, 100)
(81, 92)
(113, 102)
(57, 87)
(128, 79)
(115, 80)
(105, 101)
(104, 101)
(103, 101)
(177, 82)
(125, 102)
(139, 100)
(134, 78)
(154, 100)
(76, 91)
(57, 89)
(64, 90)
(114, 80)
(83, 93)
(174, 77)
(86, 84)
(56, 88)
(95, 98)
(83, 85)
(89, 95)
(108, 81)
(138, 100)
(113, 80)
(153, 100)
(88, 95)
(173, 77)
(80, 92)
(75, 91)
(63, 90)
(68, 86)
(56, 89)
(98, 99)
(175, 96)
(152, 100)
(126, 102)
(172, 98)
(172, 77)
(82, 93)
(87, 94)
(127, 79)
(137, 100)
(151, 100)
(112, 102)
(171, 77)
(74, 91)
(56, 87)
(79, 92)
(62, 90)
(82, 85)
(136, 100)
(150, 100)
(98, 100)
(135, 100)
(85, 84)
(130, 100)
(170, 77)
(81, 93)
(87, 95)
(55, 88)
(55, 89)
(134, 100)
(100, 83)
(78, 92)
(73, 91)
(169, 77)
(127, 102)
(56, 90)
(133, 100)
(90, 96)
(168, 77)
(126, 79)
(90, 97)
(132, 100)
(167, 77)
(112, 80)
(61, 90)
(72, 91)
(131, 100)
(80, 93)
(94, 98)
(86, 94)
(166, 77)
(102, 101)
(164, 100)
(89, 97)
(55, 90)
(81, 85)
(166, 100)
(111, 102)
(165, 77)
(177, 93)
(71, 91)
(89, 96)
(84, 84)
(164, 77)
(55, 87)
(54, 89)
(107, 81)
(77, 92)
(79, 93)
(70, 91)
(86, 95)
(163, 77)
(85, 94)
(176, 80)
(165, 100)
(168, 99)
(67, 86)
(54, 88)
(54, 90)
(162, 77)
(60, 90)
(103, 82)
(133, 78)
(69, 91)
(97, 100)
(76, 92)
(161, 77)
(97, 99)
(80, 85)
(88, 96)
(125, 79)
(160, 77)
(78, 93)
(84, 94)
(68, 91)
(75, 92)
(87, 96)
(85, 95)
(110, 102)
(83, 84)
(53, 89)
(83, 94)
(54, 87)
(77, 93)
(93, 98)
(53, 90)
(122, 103)
(121, 103)
(120, 103)
(123, 103)
(59, 90)
(84, 95)
(74, 92)
(119, 103)
(111, 80)
(53, 88)
(79, 85)
(67, 91)
(82, 94)
(178, 91)
(86, 96)
(73, 92)
(83, 95)
(95, 83)
(66, 86)
(109, 102)
(159, 77)
(99, 83)
(101, 101)
(72, 92)
(76, 93)
(118, 103)
(52, 90)
(146, 77)
(58, 90)
(71, 92)
(52, 89)
(96, 99)
(82, 95)
(124, 103)
(81, 94)
(82, 84)
(75, 93)
(156, 101)
(66, 91)
(145, 77)
(124, 79)
(173, 98)
(70, 92)
(74, 93)
(158, 77)
(78, 85)
(94, 83)
(155, 101)
(81, 95)
(52, 88)
(51, 90)
(157, 77)
(73, 93)
(53, 87)
(108, 102)
(96, 100)
(57, 90)
(92, 98)
(110, 80)
(80, 94)
(85, 96)
(88, 97)
(117, 103)
(69, 92)
(156, 77)
(65, 91)
(51, 89)
(154, 101)
(72, 93)
(144, 77)
(71, 93)
(155, 77)
(68, 92)
(89, 98)
(153, 101)
(98, 83)
(77, 85)
(102, 82)
(106, 81)
(167, 100)
(80, 95)
(79, 94)
(70, 93)
(129, 101)
(143, 77)
(51, 88)
(64, 91)
(81, 84)
(116, 103)
(84, 96)
(100, 101)
(152, 101)
(132, 78)
(154, 77)
(78, 94)
(93, 83)
(107, 102)
(67, 92)
(142, 77)
(65, 86)
(179, 89)
(91, 98)
(69, 93)
(50, 90)
(79, 95)
(52, 87)
(76, 85)
(151, 101)
(150, 101)
(83, 96)
(153, 77)
(97, 83)
(109, 80)
(63, 91)
(149, 101)
(141, 77)
(78, 95)
(77, 94)
(77, 95)
(90, 98)
(115, 103)
(82, 96)
(152, 77)
(68, 93)
(106, 102)
(64, 86)
(50, 89)
(174, 98)
(66, 92)
(137, 77)
(140, 77)
(76, 95)
(175, 78)
(148, 101)
(151, 77)
(96, 83)
(62, 91)
(76, 94)
(75, 95)
(75, 85)
(92, 83)
(139, 77)
(99, 101)
(80, 84)
(150, 77)
(105, 102)
(95, 99)
(104, 102)
(49, 90)
(81, 96)
(146, 101)
(145, 101)
(67, 93)
(123, 79)
(147, 101)
(103, 102)
(75, 94)
(176, 95)
(144, 101)
(74, 95)
(63, 86)
(80, 96)
(65, 92)
(149, 77)
(74, 94)
(114, 103)
(138, 77)
(61, 91)
(73, 95)
(73, 94)
(143, 101)
(136, 77)
(91, 83)
(72, 94)
(148, 77)
(72, 95)
(50, 88)
(141, 101)
(51, 87)
(179, 85)
(180, 87)
(74, 85)
(62, 86)
(49, 89)
(71, 94)
(60, 91)
(142, 101)
(66, 93)
(87, 97)
(79, 96)
(64, 92)
(131, 78)
(70, 94)
(86, 97)
(159, 101)
(128, 102)
(71, 95)
(163, 101)
(147, 77)
(79, 84)
(90, 83)
(113, 103)
(160, 101)
(78, 96)
(98, 101)
(162, 101)
(77, 96)
(70, 95)
(48, 90)
(158, 101)
(59, 91)
(76, 96)
(157, 101)
(88, 98)
(178, 83)
(61, 86)
(105, 81)
(75, 96)
(73, 85)
(65, 93)
(140, 101)
(63, 92)
(89, 83)
(108, 80)
(88, 83)
(101, 82)
(69, 94)
(95, 100)
(49, 88)
(69, 95)
(122, 79)
(139, 101)
(85, 97)
(74, 96)
(138, 101)
(55, 91)
(56, 91)
(137, 101)
(94, 99)
(72, 85)
(62, 92)
(58, 91)
(136, 101)
(135, 77)
(161, 101)
(60, 86)
(135, 101)
(54, 91)
(64, 93)
(102, 102)
(87, 83)
(50, 87)
(121, 79)
(73, 96)
(61, 92)
(78, 84)
(134, 101)
(133, 101)
(112, 103)
(71, 85)
(68, 95)
(63, 93)
(132, 101)
(68, 94)
(57, 91)
(53, 91)
(60, 92)
(48, 89)
(131, 101)
(84, 97)
(62, 93)
(72, 96)
(120, 79)
(47, 90)
(67, 94)
(130, 101)
(86, 83)
(77, 84)
(130, 78)
(93, 99)
(59, 92)
(59, 86)
(67, 95)
(70, 85)
(52, 91)
(61, 93)
(177, 81)
(49, 87)
(48, 88)
(119, 79)
(97, 101)
(126, 103)
(66, 95)
(171, 99)
(83, 97)
(170, 99)
(111, 103)
(169, 99)
(71, 96)
(60, 93)
(125, 103)
(94, 100)
(66, 94)
(101, 102)
(65, 95)
(51, 91)
(107, 80)
(127, 103)
(70, 96)
(82, 97)
(58, 92)
(118, 79)
(59, 93)
(69, 85)
(64, 95)
(85, 83)
(69, 96)
(76, 84)
(92, 99)
(93, 100)
(65, 94)
(81, 97)
(57, 92)
(50, 91)
(92, 100)
(63, 95)
(129, 78)
(91, 99)
(134, 77)
(110, 103)
(104, 81)
(166, 101)
(68, 96)
(64, 94)
(58, 93)
(117, 79)
(58, 86)
(80, 97)
(62, 95)
(46, 90)
(67, 96)
(87, 98)
(47, 89)
(84, 83)
(51, 92)
(79, 97)
(49, 91)
(174, 76)
(173, 76)
(100, 102)
(63, 94)
(68, 85)
(61, 95)
(164, 101)
(57, 93)
(75, 84)
(172, 76)
(62, 94)
(66, 96)
(109, 103)
(48, 87)
(78, 97)
(60, 95)
(165, 101)
(56, 92)
(77, 97)
(128, 78)
(171, 76)
(50, 92)
(90, 99)
(76, 97)
(61, 94)
(65, 96)
(75, 97)
(116, 79)
(91, 100)
(170, 76)
(121, 104)
(120, 104)
(59, 95)
(64, 96)
(168, 100)
(119, 104)
(169, 76)
(172, 99)
(122, 104)
(108, 103)
(118, 104)
(49, 92)
(175, 97)
(60, 94)
(56, 93)
(83, 83)
(57, 86)
(168, 76)
(178, 92)
(74, 97)
(74, 84)
(63, 96)
(55, 92)
(177, 94)
(47, 88)
(48, 91)
(167, 76)
(117, 104)
(59, 94)
(96, 101)
(166, 76)
(62, 96)
(115, 79)
(127, 78)
(100, 82)
(165, 76)
(58, 95)
(123, 104)
(48, 92)
(61, 96)
(164, 76)
(107, 103)
(54, 92)
(73, 84)
(67, 85)
(73, 97)
(89, 99)
(163, 76)
(58, 94)
(55, 93)
(114, 79)
(49, 93)
(99, 102)
(90, 100)
(57, 95)
(116, 104)
(162, 76)
(176, 79)
(106, 103)
(106, 80)
(82, 83)
(56, 86)
(133, 77)
(113, 79)
(161, 76)
(60, 96)
(46, 89)
(105, 103)
(57, 94)
(104, 103)
(72, 84)
(160, 76)
(72, 97)
(48, 93)
(47, 87)
(126, 78)
(54, 93)
(124, 104)
(59, 96)
(159, 76)
(56, 95)
(45, 90)
(167, 101)
(99, 82)
(112, 79)
(158, 76)
(71, 84)
(53, 92)
(47, 91)
(56, 94)
(71, 97)
(66, 85)
(103, 103)
(47, 93)
(115, 104)
(129, 102)
(179, 90)
(70, 97)
(103, 81)
(156, 102)
(55, 86)
(69, 97)
(81, 83)
(47, 92)
(88, 99)
(53, 93)
(95, 82)
(125, 78)
(157, 76)
(149, 102)
(52, 92)
(68, 97)
(58, 96)
(155, 102)
(70, 84)
(156, 76)
(89, 100)
(150, 102)
(86, 98)
(98, 102)
(67, 97)
(98, 82)
(46, 88)
(55, 95)
(154, 102)
(85, 98)
(155, 76)
(148, 102)
(114, 104)
(66, 97)
(146, 76)
(145, 102)
(146, 102)
(154, 76)
(144, 102)
(153, 102)
(147, 102)
(95, 101)
(97, 82)
(151, 102)
(80, 83)
(52, 93)
(152, 102)
(88, 100)
(65, 97)
(173, 99)
(55, 94)
(153, 76)
(111, 79)
(57, 96)
(69, 84)
(145, 76)
(120, 105)
(119, 105)
(143, 102)
(94, 82)
(84, 98)
(45, 89)
(118, 105)
(102, 103)
(152, 76)
(64, 97)
(96, 82)
(54, 95)
(117, 105)
(65, 85)
(180, 88)
(46, 91)
(51, 93)
(113, 104)
(46, 92)
(151, 76)
(142, 102)
(141, 102)
(56, 96)
(63, 97)
(140, 102)
(46, 93)
(94, 101)
(180, 86)
(139, 102)
(150, 76)
(138, 102)
(54, 94)
(124, 78)
(54, 86)
(50, 93)
(105, 80)
(144, 76)
(93, 101)
(137, 102)
(132, 77)
(179, 84)
(136, 102)
(53, 95)
(62, 97)
(128, 103)
(135, 102)
(149, 76)
(116, 105)
(143, 76)
(52, 95)
(83, 98)
(61, 97)
(110, 79)
(134, 102)
(101, 103)
(142, 76)
(159, 102)
(112, 104)
(68, 84)
(148, 76)
(93, 82)
(133, 102)
(79, 83)
(55, 96)
(51, 95)
(53, 94)
(132, 102)
(46, 87)
(64, 85)
(158, 102)
(141, 76)
(54, 96)
(157, 102)
(87, 99)
(82, 98)
(104, 104)
(115, 105)
(53, 96)
(131, 102)
(163, 102)
(160, 102)
(45, 92)
(97, 102)
(147, 76)
(140, 76)
(44, 90)
(162, 102)
(45, 93)
(92, 101)
(176, 96)
(60, 97)
(52, 96)
(81, 98)
(50, 95)
(102, 81)
(139, 76)
(52, 94)
(80, 98)
(63, 85)
(130, 102)
(175, 77)
(174, 99)
(53, 86)
(136, 76)
(78, 83)
(137, 76)
(49, 94)
(45, 88)
(51, 96)
(45, 91)
(111, 104)
(123, 78)
(138, 76)
(79, 98)
(49, 95)
(87, 100)
(114, 105)
(178, 82)
(161, 102)
(67, 84)
(78, 98)
(44, 89)
(109, 79)
(59, 97)
(103, 104)
(77, 98)
(51, 94)
(76, 98)
(48, 94)
(62, 85)
(92, 82)
(100, 103)
(75, 98)
(48, 95)
(50, 96)
(50, 94)
(131, 77)
(52, 86)
(77, 83)
(110, 104)
(47, 94)
(113, 105)
(135, 76)
(47, 95)
(96, 102)
(61, 85)
(44, 93)
(58, 97)
(74, 98)
(104, 80)
(66, 84)
(91, 101)
(49, 96)
(91, 82)
(46, 95)
(102, 104)
(76, 83)
(109, 104)
(46, 94)
(112, 105)
(90, 82)
(73, 98)
(125, 104)
(57, 97)
(44, 92)
(48, 96)
(89, 82)
(95, 102)
(126, 104)
(60, 85)
(51, 86)
(56, 97)
(45, 95)
(127, 104)
(72, 98)
(122, 78)
(55, 97)
(108, 104)
(177, 80)
(94, 102)
(108, 79)
(88, 82)
(166, 102)
(54, 97)
(47, 96)
(87, 82)
(43, 90)
(90, 101)
(75, 83)
(107, 104)
(71, 98)
(53, 97)
(44, 88)
(111, 105)
(65, 84)
(46, 96)
(86, 82)
(70, 98)
(106, 104)
(134, 76)
(69, 98)
(105, 104)
(52, 97)
(44, 91)
(165, 102)
(45, 87)
(178, 93)
(68, 98)
(99, 103)
(168, 101)
(130, 77)
(67, 98)
(121, 105)
(45, 96)
(101, 81)
(85, 82)
(51, 97)
(93, 102)
(43, 93)
(121, 78)
(66, 98)
(50, 86)
(97, 81)
(101, 104)
(89, 101)
(74, 83)
(45, 94)
(65, 98)
(122, 105)
(110, 105)
(164, 102)
(59, 85)
(86, 99)
(96, 81)
(50, 97)
(44, 96)
(44, 95)
(120, 78)
(84, 82)
(43, 92)
(64, 98)
(43, 89)
(107, 79)
(64, 84)
(88, 101)
(169, 100)
(46, 97)
(129, 77)
(49, 86)
(123, 105)
(109, 105)
(119, 78)
(95, 81)
(170, 100)
(49, 97)
(103, 80)
(45, 97)
(63, 98)
(42, 93)
(83, 82)
(172, 75)
(171, 75)
(42, 90)
(177, 95)
(63, 84)
(44, 94)
(173, 75)
(73, 83)
(98, 103)
(170, 75)
(58, 85)
(43, 96)
(44, 97)
(179, 91)
(108, 105)
(118, 78)
(169, 75)
(171, 100)
(43, 95)
(174, 75)
(92, 102)
(62, 98)
(100, 81)
(129, 103)
(168, 75)
(48, 97)
(43, 88)
(43, 91)
(107, 105)
(42, 92)
(106, 105)
(105, 105)
(167, 75)
(149, 103)
(167, 102)
(128, 77)
(41, 93)
(62, 84)
(43, 97)
(166, 75)
(85, 99)
(72, 83)
(61, 98)
(84, 99)
(82, 82)
(117, 78)
(150, 103)
(124, 105)
(165, 75)
(148, 103)
(86, 100)
(87, 101)
(175, 98)
(145, 103)
(164, 75)
(100, 104)
(146, 103)
(47, 97)
(42, 96)
(147, 103)
(144, 103)
(163, 75)
(57, 85)
(42, 95)
(83, 99)
(43, 94)
(162, 75)
(176, 78)
(99, 81)
(104, 105)
(133, 76)
(143, 103)
(40, 93)
(42, 97)
(127, 77)
(142, 103)
(94, 81)
(161, 75)
(48, 86)
(172, 100)
(44, 87)
(141, 103)
(71, 83)
(41, 90)
(119, 106)
(160, 75)
(118, 106)
(140, 103)
(60, 98)
(116, 78)
(91, 102)
(180, 89)
(151, 103)
(42, 89)
(139, 103)
(81, 82)
(138, 103)
(41, 92)
(137, 103)
(159, 75)
(106, 79)
(136, 103)
(61, 84)
(97, 103)
(135, 103)
(117, 106)
(120, 106)
(41, 96)
(158, 75)
(181, 87)
(134, 103)
(41, 97)
(156, 103)
(41, 95)
(39, 93)
(98, 81)
(155, 103)
(116, 106)
(96, 103)
(152, 103)
(82, 99)
(133, 103)
(153, 103)
(56, 85)
(59, 98)
(154, 103)
(42, 91)
(128, 104)
(157, 75)
(70, 83)
(115, 78)
(40, 96)
(95, 103)
(180, 85)
(39, 94)
(80, 82)
(126, 77)
(156, 75)
(40, 97)
(103, 105)
(42, 94)
(155, 75)
(81, 99)
(90, 102)
(40, 95)
(115, 106)
(58, 98)
(40, 92)
(38, 93)
(85, 100)
(179, 83)
(99, 104)
(132, 103)
(86, 101)
(57, 98)
(80, 99)
(154, 75)
(39, 96)
(114, 78)
(79, 99)
(56, 98)
(78, 99)
(39, 97)
(77, 99)
(38, 94)
(55, 98)
(153, 75)
(40, 90)
(93, 81)
(94, 103)
(102, 80)
(60, 84)
(47, 86)
(54, 98)
(146, 75)
(39, 95)
(152, 75)
(42, 88)
(113, 78)
(69, 83)
(38, 96)
(131, 103)
(53, 98)
(38, 97)
(76, 99)
(114, 106)
(84, 100)
(41, 94)
(37, 93)
(130, 103)
(83, 100)
(151, 75)
(39, 92)
(173, 100)
(37, 94)
(41, 91)
(89, 102)
(159, 103)
(75, 99)
(112, 78)
(38, 95)
(52, 98)
(37, 97)
(145, 75)
(37, 96)
(79, 82)
(158, 103)
(150, 75)
(160, 103)
(39, 90)
(55, 85)
(157, 103)
(51, 98)
(41, 89)
(125, 77)
(113, 106)
(132, 76)
(85, 101)
(149, 75)
(36, 97)
(144, 75)
(98, 104)
(37, 95)
(43, 87)
(36, 93)
(40, 94)
(36, 96)
(38, 92)
(74, 99)
(162, 103)
(36, 94)
(178, 81)
(163, 103)
(148, 75)
(92, 81)
(143, 75)
(50, 98)
(59, 84)
(161, 103)
(73, 99)
(102, 105)
(82, 100)
(97, 104)
(35, 97)
(68, 83)
(93, 103)
(112, 106)
(36, 95)
(142, 75)
(88, 102)
(106, 106)
(35, 96)
(72, 99)
(40, 91)
(111, 78)
(78, 82)
(96, 104)
(38, 90)
(124, 77)
(49, 98)
(35, 94)
(147, 75)
(37, 92)
(71, 99)
(95, 104)
(35, 93)
(141, 75)
(91, 81)
(81, 100)
(105, 106)
(34, 97)
(80, 100)
(79, 100)
(111, 106)
(70, 99)
(78, 100)
(35, 95)
(105, 79)
(69, 99)
(77, 100)
(101, 80)
(87, 102)
(140, 75)
(68, 99)
(48, 98)
(34, 96)
(54, 85)
(136, 75)
(39, 91)
(77, 82)
(67, 99)
(176, 97)
(67, 83)
(40, 89)
(46, 86)
(175, 76)
(58, 84)
(139, 75)
(76, 100)
(66, 99)
(110, 106)
(90, 81)
(34, 94)
(92, 103)
(33, 97)
(36, 92)
(34, 93)
(37, 90)
(138, 75)
(135, 75)
(75, 100)
(131, 76)
(94, 104)
(45, 98)
(174, 100)
(110, 78)
(137, 75)
(41, 88)
(34, 95)
(125, 105)
(65, 99)
(89, 81)
(47, 98)
(64, 99)
(76, 82)
(38, 91)
(74, 100)
(53, 85)
(42, 87)
(123, 77)
(101, 105)
(33, 96)
(44, 98)
(66, 83)
(100, 80)
(127, 105)
(109, 106)
(178, 94)
(46, 98)
(43, 98)
(39, 89)
(126, 105)
(168, 102)
(166, 103)
(73, 100)
(88, 81)
(91, 103)
(63, 99)
(72, 100)
(108, 106)
(35, 92)
(33, 94)
(104, 106)
(86, 102)
(107, 106)
(121, 106)
(75, 82)
(57, 84)
(87, 81)
(71, 100)
(33, 93)
(165, 103)
(42, 98)
(33, 95)
(36, 90)
(62, 99)
(37, 91)
(93, 104)
(70, 100)
(52, 85)
(86, 81)
(122, 106)
(99, 80)
(164, 103)
(61, 99)
(177, 79)
(69, 100)
(65, 83)
(38, 89)
(90, 103)
(41, 98)
(32, 97)
(85, 81)
(179, 92)
(68, 100)
(74, 82)
(153, 74)
(134, 75)
(34, 92)
(84, 101)
(104, 79)
(40, 88)
(130, 76)
(98, 80)
(129, 104)
(92, 104)
(67, 100)
(60, 99)
(40, 98)
(56, 84)
(152, 74)
(36, 91)
(43, 99)
(100, 105)
(64, 83)
(149, 104)
(97, 80)
(42, 99)
(84, 81)
(85, 102)
(35, 90)
(123, 106)
(39, 98)
(66, 100)
(151, 74)
(109, 78)
(59, 99)
(150, 104)
(103, 106)
(41, 99)
(148, 104)
(58, 99)
(96, 80)
(57, 99)
(73, 82)
(146, 104)
(38, 98)
(145, 104)
(56, 99)
(122, 77)
(147, 104)
(169, 101)
(144, 104)
(150, 74)
(143, 104)
(55, 99)
(142, 104)
(32, 96)
(54, 99)
(141, 104)
(40, 99)
(89, 103)
(37, 98)
(91, 104)
(140, 104)
(63, 83)
(37, 89)
(83, 81)
(53, 99)
(65, 100)
(39, 88)
(99, 105)
(172, 74)
(139, 104)
(129, 76)
(171, 74)
(138, 104)
(137, 104)
(136, 104)
(36, 98)
(149, 74)
(135, 104)
(39, 99)
(177, 96)
(170, 74)
(33, 92)
(180, 90)
(51, 85)
(173, 74)
(35, 91)
(95, 80)
(169, 74)
(32, 93)
(45, 86)
(34, 90)
(52, 99)
(118, 107)
(148, 74)
(117, 107)
(38, 99)
(98, 105)
(124, 106)
(64, 100)
(35, 98)
(168, 74)
(151, 104)
(72, 82)
(181, 86)
(32, 94)
(116, 107)
(37, 99)
(97, 105)
(181, 88)
(174, 74)
(134, 104)
(119, 107)
(167, 74)
(41, 87)
(147, 74)
(121, 77)
(96, 105)
(51, 99)
(82, 81)
(167, 103)
(36, 99)
(34, 98)
(63, 100)
(55, 84)
(120, 107)
(31, 97)
(166, 74)
(115, 107)
(35, 99)
(88, 103)
(133, 104)
(165, 74)
(128, 76)
(180, 84)
(50, 85)
(38, 88)
(32, 95)
(62, 83)
(164, 74)
(146, 74)
(34, 99)
(50, 99)
(102, 106)
(95, 105)
(108, 78)
(90, 104)
(163, 74)
(31, 96)
(133, 75)
(120, 77)
(152, 104)
(81, 81)
(34, 91)
(62, 100)
(170, 101)
(103, 79)
(132, 104)
(162, 74)
(71, 82)
(128, 105)
(49, 99)
(114, 107)
(161, 74)
(36, 89)
(153, 104)
(87, 103)
(154, 104)
(131, 104)
(160, 74)
(155, 104)
(61, 100)
(49, 85)
(83, 101)
(156, 104)
(145, 74)
(119, 77)
(94, 80)
(60, 100)
(159, 74)
(130, 104)
(48, 99)
(33, 98)
(82, 101)
(59, 100)
(175, 99)
(127, 76)
(33, 90)
(54, 84)
(58, 100)
(113, 107)
(158, 74)
(176, 77)
(57, 100)
(56, 100)
(80, 81)
(179, 82)
(55, 100)
(61, 83)
(118, 77)
(157, 74)
(54, 100)
(94, 105)
(171, 101)
(144, 74)
(47, 99)
(84, 102)
(156, 74)
(40, 87)
(37, 88)
(53, 100)
(155, 74)
(112, 107)
(70, 82)
(89, 104)
(30, 96)
(33, 99)
(107, 78)
(31, 94)
(154, 74)
(117, 77)
(143, 74)
(81, 101)
(53, 84)
(80, 101)
(46, 99)
(79, 101)
(159, 104)
(31, 93)
(158, 104)
(30, 97)
(31, 95)
(52, 100)
(157, 104)
(172, 101)
(101, 106)
(33, 91)
(86, 103)
(78, 101)
(160, 104)
(93, 105)
(111, 107)
(35, 89)
(45, 99)
(79, 81)
(126, 76)
(142, 74)
(32, 92)
(77, 101)
(51, 100)
(116, 77)
(93, 80)
(76, 101)
(88, 104)
(39, 87)
(105, 107)
(110, 107)
(32, 98)
(106, 107)
(75, 101)
(44, 99)
(69, 82)
(141, 74)
(48, 85)
(74, 101)
(50, 100)
(109, 107)
(162, 104)
(100, 106)
(60, 83)
(178, 80)
(161, 104)
(52, 84)
(44, 86)
(32, 99)
(132, 75)
(73, 101)
(163, 104)
(108, 107)
(92, 105)
(106, 78)
(140, 74)
(102, 79)
(107, 107)
(49, 100)
(78, 81)
(99, 106)
(92, 80)
(98, 106)
(72, 101)
(139, 74)
(34, 89)
(48, 100)
(97, 106)
(87, 104)
(36, 88)
(30, 95)
(38, 87)
(173, 101)
(71, 101)
(96, 106)
(47, 100)
(115, 77)
(29, 97)
(68, 82)
(32, 90)
(138, 74)
(64, 82)
(29, 96)
(125, 76)
(91, 80)
(77, 81)
(85, 103)
(46, 100)
(104, 107)
(137, 74)
(70, 101)
(30, 94)
(59, 83)
(125, 106)
(42, 100)
(31, 92)
(91, 105)
(178, 95)
(69, 101)
(95, 106)
(101, 79)
(51, 84)
(41, 100)
(68, 101)
(31, 98)
(31, 99)
(40, 100)
(67, 101)
(45, 100)
(39, 100)
(127, 106)
(43, 100)
(126, 106)
(105, 78)
(121, 107)
(136, 74)
(114, 77)
(38, 100)
(112, 77)
(67, 82)
(66, 101)
(90, 80)
(135, 74)
(37, 100)
(131, 75)
(76, 81)
(113, 77)
(44, 100)
(36, 100)
(37, 87)
(30, 93)
(90, 105)
(32, 91)
(35, 100)
(129, 105)
(58, 83)
(179, 93)
(47, 85)
(94, 106)
(175, 75)
(63, 82)
(100, 79)
(124, 76)
(166, 104)
(65, 101)
(34, 100)
(29, 95)
(165, 104)
(149, 105)
(89, 80)
(111, 77)
(75, 81)
(122, 107)
(168, 103)
(176, 98)
(148, 105)
(64, 101)
(86, 104)
(30, 99)
(103, 107)
(164, 104)
(88, 80)
(33, 89)
(43, 86)
(28, 97)
(150, 105)
(174, 101)
(63, 101)
(169, 102)
(99, 79)
(147, 105)
(30, 98)
(35, 88)
(146, 105)
(62, 101)
(145, 105)
(61, 101)
(144, 105)
(143, 105)
(142, 105)
(50, 84)
(60, 101)
(87, 80)
(141, 105)
(66, 82)
(177, 78)
(140, 105)
(98, 79)
(59, 101)
(180, 91)
(74, 81)
(57, 83)
(139, 105)
(58, 101)
(84, 103)
(39, 101)
(89, 105)
(57, 101)
(123, 107)
(138, 105)
(135, 105)
(56, 101)
(38, 101)
(55, 101)
(93, 106)
(83, 102)
(86, 80)
(97, 79)
(54, 101)
(137, 105)
(62, 82)
(37, 101)
(182, 87)
(153, 73)
(29, 99)
(117, 108)
(116, 108)
(36, 101)
(53, 101)
(134, 105)
(136, 105)
(134, 74)
(35, 101)
(123, 76)
(130, 75)
(28, 96)
(151, 105)
(29, 94)
(115, 108)
(96, 79)
(33, 100)
(118, 108)
(34, 101)
(181, 89)
(65, 82)
(85, 80)
(152, 73)
(181, 85)
(133, 105)
(52, 101)
(119, 108)
(73, 81)
(36, 87)
(82, 102)
(102, 107)
(84, 80)
(28, 99)
(114, 108)
(92, 106)
(29, 98)
(124, 107)
(151, 73)
(49, 84)
(51, 101)
(46, 85)
(81, 102)
(180, 83)
(132, 105)
(104, 78)
(110, 77)
(85, 104)
(120, 108)
(80, 102)
(30, 92)
(79, 102)
(113, 108)
(34, 88)
(31, 90)
(28, 95)
(150, 73)
(33, 101)
(78, 102)
(131, 105)
(32, 100)
(50, 101)
(56, 83)
(83, 80)
(31, 91)
(129, 75)
(72, 81)
(130, 105)
(77, 102)
(61, 82)
(27, 97)
(95, 79)
(149, 73)
(27, 99)
(76, 102)
(88, 105)
(171, 73)
(49, 101)
(172, 73)
(112, 108)
(32, 89)
(32, 101)
(91, 106)
(170, 73)
(75, 102)
(152, 105)
(148, 73)
(173, 73)
(169, 73)
(74, 102)
(48, 101)
(168, 73)
(101, 107)
(174, 73)
(31, 101)
(31, 100)
(167, 73)
(179, 81)
(164, 73)
(147, 73)
(163, 73)
(122, 76)
(47, 101)
(111, 108)
(42, 86)
(28, 98)
(153, 105)
(165, 73)
(166, 73)
(36, 102)
(73, 102)
(128, 106)
(48, 84)
(82, 80)
(26, 99)
(35, 102)
(162, 73)
(177, 97)
(128, 75)
(34, 102)
(146, 73)
(100, 107)
(161, 73)
(46, 101)
(60, 82)
(30, 101)
(71, 81)
(133, 74)
(154, 105)
(110, 108)
(29, 93)
(170, 102)
(99, 107)
(160, 73)
(167, 104)
(155, 105)
(28, 94)
(98, 107)
(90, 106)
(33, 102)
(145, 73)
(97, 107)
(159, 73)
(30, 100)
(45, 101)
(35, 87)
(96, 107)
(156, 105)
(109, 108)
(72, 102)
(158, 73)
(109, 77)
(29, 101)
(55, 83)
(84, 104)
(26, 97)
(32, 102)
(81, 80)
(105, 108)
(108, 108)
(157, 73)
(106, 108)
(94, 79)
(31, 102)
(107, 108)
(116, 109)
(115, 109)
(27, 98)
(156, 73)
(45, 85)
(27, 96)
(127, 75)
(114, 109)
(176, 76)
(30, 102)
(71, 102)
(29, 100)
(155, 73)
(44, 101)
(59, 82)
(25, 99)
(121, 76)
(28, 101)
(160, 105)
(87, 105)
(154, 73)
(159, 105)
(29, 102)
(158, 105)
(175, 100)
(144, 73)
(70, 81)
(157, 105)
(54, 83)
(113, 109)
(95, 107)
(40, 101)
(28, 100)
(43, 101)
(28, 102)
(70, 102)
(80, 80)
(27, 101)
(33, 88)
(30, 91)
(41, 101)
(69, 102)
(42, 101)
(68, 102)
(112, 109)
(143, 73)
(26, 98)
(67, 102)
(120, 76)
(25, 97)
(35, 103)
(41, 86)
(34, 103)
(33, 103)
(27, 102)
(126, 75)
(27, 100)
(93, 79)
(104, 108)
(32, 103)
(66, 102)
(103, 78)
(111, 109)
(89, 106)
(69, 81)
(26, 101)
(162, 105)
(31, 103)
(108, 77)
(58, 82)
(163, 105)
(178, 79)
(24, 99)
(53, 83)
(142, 73)
(30, 90)
(30, 103)
(110, 109)
(161, 105)
(28, 93)
(171, 102)
(65, 102)
(119, 76)
(94, 107)
(64, 102)
(34, 87)
(63, 102)
(62, 102)
(31, 89)
(132, 74)
(27, 95)
(29, 92)
(83, 103)
(61, 102)
(29, 103)
(60, 102)
(79, 80)
(59, 102)
(58, 102)
(26, 102)
(28, 103)
(57, 102)
(109, 109)
(26, 100)
(56, 102)
(55, 102)
(92, 79)
(27, 94)
(125, 107)
(47, 84)
(118, 76)
(25, 101)
(108, 109)
(54, 102)
(141, 73)
(27, 103)
(68, 81)
(172, 102)
(25, 98)
(26, 96)
(53, 102)
(86, 105)
(65, 81)
(117, 76)
(102, 78)
(149, 106)
(52, 102)
(26, 103)
(25, 102)
(107, 109)
(93, 107)
(148, 106)
(147, 106)
(121, 108)
(38, 102)
(146, 106)
(40, 86)
(178, 96)
(78, 80)
(145, 106)
(179, 94)
(144, 106)
(37, 102)
(126, 107)
(143, 106)
(173, 102)
(142, 106)
(141, 106)
(24, 101)
(51, 102)
(140, 106)
(91, 79)
(52, 83)
(103, 108)
(140, 73)
(150, 106)
(25, 100)
(139, 106)
(24, 97)
(125, 75)
(57, 82)
(115, 110)
(138, 106)
(107, 77)
(127, 107)
(25, 103)
(114, 110)
(67, 81)
(139, 73)
(23, 99)
(39, 102)
(50, 102)
(101, 78)
(24, 102)
(122, 108)
(113, 110)
(32, 88)
(180, 92)
(116, 76)
(92, 107)
(135, 106)
(129, 106)
(49, 102)
(112, 110)
(44, 85)
(137, 73)
(182, 86)
(137, 106)
(175, 74)
(24, 98)
(77, 80)
(83, 104)
(138, 73)
(24, 103)
(106, 109)
(182, 88)
(134, 106)
(131, 74)
(33, 104)
(64, 81)
(102, 108)
(32, 104)
(39, 86)
(136, 106)
(31, 104)
(100, 78)
(82, 103)
(48, 102)
(23, 101)
(30, 104)
(111, 110)
(90, 79)
(165, 105)
(135, 73)
(29, 104)
(81, 103)
(151, 106)
(110, 110)
(24, 100)
(136, 73)
(181, 84)
(133, 106)
(85, 105)
(28, 104)
(23, 102)
(181, 90)
(117, 109)
(174, 102)
(47, 102)
(27, 93)
(166, 105)
(27, 104)
(123, 108)
(80, 103)
(25, 96)
(51, 83)
(23, 103)
(164, 105)
(88, 106)
(99, 78)
(26, 104)
(109, 110)
(106, 77)
(89, 79)
(79, 103)
(78, 103)
(91, 107)
(118, 109)
(56, 82)
(76, 80)
(132, 106)
(77, 103)
(101, 108)
(155, 72)
(25, 104)
(46, 102)
(98, 78)
(134, 73)
(26, 95)
(66, 81)
(63, 81)
(76, 103)
(33, 87)
(154, 72)
(22, 102)
(119, 109)
(124, 75)
(131, 106)
(88, 79)
(22, 101)
(97, 78)
(22, 99)
(105, 109)
(45, 102)
(29, 91)
(100, 108)
(108, 110)
(24, 104)
(130, 106)
(176, 99)
(124, 108)
(22, 103)
(38, 86)
(75, 103)
(115, 76)
(153, 72)
(169, 103)
(99, 108)
(75, 80)
(46, 84)
(177, 77)
(26, 94)
(98, 108)
(97, 108)
(28, 92)
(180, 82)
(157, 106)
(156, 106)
(155, 106)
(154, 106)
(153, 106)
(152, 106)
(23, 100)
(96, 78)
(50, 83)
(74, 103)
(21, 102)
(23, 104)
(87, 79)
(23, 97)
(36, 103)
(152, 72)
(44, 102)
(29, 90)
(21, 101)
(105, 77)
(130, 74)
(23, 98)
(84, 105)
(120, 109)
(55, 82)
(74, 80)
(107, 110)
(73, 103)
(96, 108)
(151, 72)
(31, 88)
(21, 103)
(20, 102)
(62, 81)
(22, 104)
(43, 102)
(86, 79)
(42, 102)
(20, 101)
(87, 106)
(41, 102)
(114, 76)
(150, 72)
(123, 75)
(112, 76)
(95, 78)
(72, 103)
(37, 86)
(40, 102)
(85, 79)
(90, 107)
(21, 99)
(113, 76)
(31, 105)
(30, 105)
(29, 105)
(28, 105)
(30, 89)
(54, 82)
(27, 105)
(104, 109)
(168, 104)
(26, 105)
(111, 76)
(19, 102)
(149, 72)
(21, 104)
(22, 100)
(95, 108)
(129, 74)
(25, 105)
(26, 93)
(20, 103)
(19, 101)
(24, 105)
(24, 96)
(73, 80)
(71, 103)
(84, 79)
(179, 80)
(106, 110)
(148, 72)
(23, 105)
(167, 105)
(45, 84)
(116, 110)
(128, 107)
(61, 81)
(83, 79)
(170, 72)
(49, 83)
(172, 72)
(70, 103)
(94, 108)
(19, 103)
(94, 78)
(133, 73)
(171, 72)
(68, 103)
(18, 102)
(18, 103)
(17, 103)
(82, 104)
(20, 99)
(169, 72)
(69, 103)
(168, 72)
(147, 72)
(43, 85)
(103, 109)
(22, 105)
(53, 82)
(20, 104)
(18, 101)
(25, 95)
(67, 103)
(167, 72)
(173, 72)
(34, 104)
(21, 100)
(66, 103)
(72, 80)
(65, 103)
(64, 103)
(166, 72)
(63, 103)
(22, 98)
(35, 104)
(170, 103)
(128, 74)
(105, 110)
(110, 76)
(22, 97)
(82, 79)
(62, 103)
(165, 72)
(61, 103)
(146, 72)
(174, 72)
(102, 109)
(60, 103)
(86, 106)
(158, 72)
(157, 72)
(156, 72)
(16, 103)
(32, 87)
(21, 105)
(59, 103)
(122, 75)
(159, 72)
(164, 72)
(58, 103)
(104, 77)
(57, 103)
(56, 103)
(55, 103)
(160, 72)
(163, 72)
(145, 72)
(162, 72)
(161, 72)
(89, 107)
(60, 81)
(28, 106)
(27, 106)
(54, 103)
(17, 102)
(101, 109)
(83, 105)
(19, 99)
(81, 104)
(80, 104)
(26, 106)
(20, 100)
(100, 77)
(25, 106)
(93, 108)
(27, 92)
(24, 106)
(36, 86)
(23, 106)
(19, 104)
(177, 98)
(79, 104)
(25, 94)
(100, 109)
(78, 104)
(48, 83)
(81, 79)
(99, 109)
(17, 101)
(20, 105)
(98, 109)
(77, 104)
(53, 103)
(99, 77)
(52, 82)
(22, 106)
(93, 78)
(52, 103)
(71, 80)
(127, 74)
(76, 104)
(144, 72)
(16, 104)
(51, 103)
(97, 109)
(28, 91)
(160, 106)
(159, 106)
(176, 75)
(175, 101)
(158, 106)
(15, 103)
(21, 106)
(98, 77)
(18, 104)
(19, 100)
(37, 103)
(104, 110)
(50, 103)
(23, 96)
(19, 105)
(21, 98)
(28, 90)
(16, 102)
(92, 78)
(29, 106)
(18, 99)
(132, 73)
(59, 81)
(21, 97)
(143, 72)
(49, 103)
(75, 104)
(38, 103)
(171, 103)
(162, 106)
(125, 108)
(20, 106)
(85, 106)
(103, 110)
(163, 106)
(48, 103)
(80, 79)
(96, 109)
(14, 103)
(138, 107)
(109, 76)
(70, 80)
(178, 78)
(150, 107)
(39, 103)
(172, 103)
(121, 75)
(15, 104)
(179, 95)
(102, 110)
(16, 101)
(18, 100)
(17, 104)
(44, 84)
(74, 104)
(47, 103)
(173, 103)
(97, 77)
(103, 77)
(149, 107)
(92, 108)
(148, 107)
(51, 82)
(147, 107)
(146, 107)
(14, 104)
(145, 107)
(144, 107)
(18, 105)
(161, 106)
(114, 111)
(121, 109)
(42, 85)
(143, 107)
(135, 107)
(25, 93)
(142, 72)
(142, 107)
(183, 87)
(139, 107)
(141, 107)
(113, 111)
(101, 110)
(126, 74)
(115, 111)
(32, 105)
(13, 104)
(137, 107)
(140, 107)
(95, 109)
(180, 93)
(35, 86)
(24, 95)
(100, 110)
(112, 111)
(19, 106)
(134, 107)
(182, 89)
(73, 104)
(47, 83)
(13, 103)
(136, 107)
(20, 98)
(99, 110)
(111, 111)
(182, 85)
(98, 110)
(30, 88)
(96, 77)
(91, 78)
(15, 102)
(46, 103)
(69, 80)
(110, 111)
(31, 87)
(126, 108)
(152, 107)
(133, 107)
(12, 104)
(122, 109)
(102, 77)
(79, 79)
(17, 99)
(33, 105)
(20, 97)
(132, 107)
(84, 106)
(50, 82)
(131, 107)
(88, 107)
(130, 107)
(181, 91)
(58, 81)
(151, 107)
(129, 107)
(181, 83)
(17, 100)
(29, 89)
(45, 103)
(95, 77)
(26, 92)
(141, 72)
(72, 104)
(174, 103)
(97, 110)
(18, 106)
(153, 107)
(15, 105)
(14, 105)
(13, 105)
(12, 105)
(94, 109)
(11, 105)
(10, 105)
